,,"다음 중, 가장 애용하는 스포츠 브랜드를 선택해 주세요.",해당 브랜드를 애용하는 이유는 무엇인가요?,해당 브랜드를 처음 알게 된 계기는 무엇인가요?
,,나이키 (Nike),디자인이 마음에 들어서,매장에서 직접 보고
,,나이키 (Nike),브랜드 이미지가 좋아서,매장에서 직접 보고
,,아디다스 (Adidas),디자인이 마음에 들어서,지인의 추천
,,아디다스 (Adidas),디자인이 마음에 들어서,매장에서 직접 보고
,,퓨마 (Puma),가격이 합리적이어서,온라인 광고 (sns 등)
,,언더아머 (Under Armour),유명인들이 사용해서,온라인 광고 (sns 등)
,,나이키 (Nike),디자인이 마음에 들어서,TV 광고
,,나이키 (Nike),가격이 합리적이어서,지인의 추천
,,퓨마 (Puma),디자인이 마음에 들어서,매장에서 직접 보고
,,나이키 (Nike),디자인이 마음에 들어서,지인의 추천
,,나이키 (Nike),가격이 합리적이어서,온라인 광고 (sns 등)
,,아디다스 (Adidas),디자인이 마음에 들어서,지인의 추천
,,언더아머 (Under Armour),지인의 추천,매장에서 직접 보고
,,나이키 (Nike),디자인이 마음에 들어서,매장에서 직접 보고
,,나이키 (Nike),디자인이 마음에 들어서,온라인 광고 (sns 등)
,,언더아머 (Under Armour),광고나 마케팅이 인상적이어서,온라인 광고 (sns 등)
,,나이키 (Nike),광고나 마케팅이 인상적이어서,매장에서 직접 보고
,,나이키 (Nike),디자인이 마음에 들어서,매장에서 직접 보고
,,나이키 (Nike),디자인이 마음에 들어서,지인의 추천
,,나이키 (Nike),디자인이 마음에 들어서,지인의 추천
,,나이키 (Nike),디자인이 마음에 들어서,매장에서 직접 보고
,,아디다스 (Adidas),디자인이 마음에 들어서,매장에서 직접 보고
,,아디다스 (Adidas),품질이 우수해서,매장에서 직접 보고
,,나이키 (Nike),유명인들이 사용해서,매장에서 직접 보고
,,나이키 (Nike),유명인들이 사용해서,지인의 추천
,,나이키 (Nike),지인의 추천,매장에서 직접 보고
,,아디다스 (Adidas),품질이 우수해서,온라인 광고 (sns 등)
,,나이키 (Nike),품질이 우수해서,매장에서 직접 보고
,,퓨마 (Puma),가격이 합리적이어서,온라인 광고 (sns 등)
,,나이키 (Nike),디자인이 마음에 들어서,온라인 광고 (sns 등)
,,나이키 (Nike),유명해서,온라인 광고 (sns 등)
,,나이키 (Nike),광고나 마케팅이 인상적이어서,온라인 광고 (sns 등)
,,나이키 (Nike),광고나 마케팅이 인상적이어서,매장에서 직접 보고
,,언더아머 (Under Armour),디자인이 마음에 들어서,지인의 추천
,,나이키 (Nike),가격이 합리적이어서,온라인 광고 (sns 등)
,,언더아머 (Under Armour),지인의 추천,온라인 광고 (sns 등)
,,나이키 (Nike),품질이 우수해서,온라인 광고 (sns 등)
,,나이키 (Nike),브랜드 이미지가 좋아서,온라인 광고 (sns 등)
,,언더아머 (Under Armour),유명인들이 사용해서,온라인 광고 (sns 등)
,,아디다스 (Adidas),유명인들이 사용해서,온라인 광고 (sns 등)
,,나이키 (Nike),디자인이 마음에 들어서,매장에서 직접 보고
,,아디다스 (Adidas),품질이 우수해서,매장에서 직접 보고
,,나이키 (Nike),지인의 추천,온라인 광고 (sns 등)
,,나이키 (Nike),디자인이 마음에 들어서,매장에서 직접 보고
,,나이키 (Nike),가격이 합리적이어서,매장에서 직접 보고
,,퓨마 (Puma),지인의 추천,온라인 광고 (sns 등)
,,언더아머 (Under Armour),디자인이 마음에 들어서,온라인 광고 (sns 등)
,,언더아머 (Under Armour),디자인이 마음에 들어서,지인의 추천
,,나이키 (Nike),광고나 마케팅이 인상적이어서,온라인 광고 (sns 등)
,,나이키 (Nike),지인의 추천,온라인 광고 (sns 등)
,,나이키 (Nike),디자인이 마음에 들어서,매장에서 직접 보고
,,나이키 (Nike),디자인이 마음에 들어서,지인의 추천
,,나이키 (Nike),품질이 우수해서,지인의 추천
,,나이키 (Nike),디자인이 마음에 들어서,온라인 광고 (sns 등)
,,아디다스 (Adidas),품질이 우수해서,온라인 광고 (sns 등)
,,아디다스 (Adidas),디자인이 마음에 들어서,매장에서 직접 보고
,,나이키 (Nike),브랜드 이미지가 좋아서,온라인 광고 (sns 등)
,,언더아머 (Under Armour),가격이 합리적이어서,온라인 광고 (sns 등)
,,언더아머 (Under Armour),디자인이 마음에 들어서,온라인 광고 (sns 등)
,,나이키 (Nike),디자인이 마음에 들어서,매장에서 직접 보고
,,언더아머 (Under Armour),디자인이 마음에 들어서,매장에서 직접 보고
,,나이키 (Nike),디자인이 마음에 들어서,온라인 광고 (sns 등)
,,나이키 (Nike),디자인이 마음에 들어서,온라인 광고 (sns 등)
,,나이키 (Nike),디자인이 마음에 들어서,매장에서 직접 보고
,,언더아머 (Under Armour),품질이 우수해서,온라인 광고 (sns 등)
,,나이키 (Nike),유명인들이 사용해서,매장에서 직접 보고
,,언더아머 (Under Armour),가격이 합리적이어서,지인의 추천
,,아디다스 (Adidas),품질이 우수해서,지인의 추천
,,퓨마 (Puma),디자인이 마음에 들어서,TV 광고
,,아디다스 (Adidas),디자인이 마음에 들어서,온라인 광고 (sns 등)
,,나이키 (Nike),가격이 합리적이어서,온라인 광고 (sns 등)
,,언더아머 (Under Armour),가격이 합리적이어서,온라인 광고 (sns 등)
,,나이키 (Nike),브랜드 이미지가 좋아서,매장에서 직접 보고
,,나이키 (Nike),품질이 우수해서,온라인 광고 (sns 등)
,,아디다스 (Adidas),품질이 우수해서,온라인 광고 (sns 등)
,,아디다스 (Adidas),가격이 합리적이어서,온라인 광고 (sns 등)
,,아디다스 (Adidas),디자인이 마음에 들어서,온라인 광고 (sns 등)
,,나이키 (Nike),가격이 합리적이어서,온라인 광고 (sns 등)
,,나이키 (Nike),품질이 우수해서,온라인 광고 (sns 등)
,,나이키 (Nike),유명인들이 사용해서,매장에서 직접 보고
,,아디다스 (Adidas),브랜드 이미지가 좋아서,지인의 추천
,,나이키 (Nike),디자인이 마음에 들어서,매장에서 직접 보고
,,Fila,디자인이 마음에 들어서,매장에서 직접 보고
,,나이키 (Nike),가격이 합리적이어서,TV 광고
,,나이키 (Nike),품질이 우수해서,매장에서 직접 보고
,,아디다스 (Adidas),디자인이 마음에 들어서,매장에서 직접 보고
,,나이키 (Nike),가격이 합리적이어서,온라인 광고 (sns 등)
,,아디다스 (Adidas),디자인이 마음에 들어서,TV 광고
,,아디다스 (Adidas),품질이 우수해서,매장에서 직접 보고
,,나이키 (Nike),품질이 우수해서,매장에서 직접 보고
,,아디다스 (Adidas),지인의 추천,온라인 광고 (sns 등)
,,아디다스 (Adidas),가격이 합리적이어서,지인의 추천
,,나이키 (Nike),디자인이 마음에 들어서,매장에서 직접 보고
,,나이키 (Nike),디자인이 마음에 들어서,매장에서 직접 보고
,,아디다스 (Adidas),품질이 우수해서,매장에서 직접 보고
,,나이키 (Nike),품질이 우수해서,지인의 추천
,,나이키 (Nike),품질이 우수해서,온라인 광고 (sns 등)
,,나이키 (Nike),브랜드 이미지가 좋아서,온라인 광고 (sns 등)
,,아디다스 (Adidas),디자인이 마음에 들어서,매장에서 직접 보고
,,아디다스 (Adidas),가격이 합리적이어서,매장에서 직접 보고
,,나이키 (Nike),디자인이 마음에 들어서,TV 광고
,,아디다스 (Adidas),디자인이 마음에 들어서,TV 광고
,,아디다스 (Adidas),디자인이 마음에 들어서,매장에서 직접 보고
,,아디다스 (Adidas),품질이 우수해서,TV 광고
,,나이키 (Nike),디자인이 마음에 들어서,매장에서 직접 보고
,,아디다스 (Adidas),디자인이 마음에 들어서,매장에서 직접 보고
,,나이키 (Nike),디자인이 마음에 들어서,지인의 추천
,,나이키 (Nike),디자인이 마음에 들어서,TV 광고
,,아디다스 (Adidas),디자인이 마음에 들어서,TV 광고
,,나이키 (Nike),디자인이 마음에 들어서,매장에서 직접 보고
,,아디다스 (Adidas),디자인이 마음에 들어서,매장에서 직접 보고
,,나이키 (Nike),디자인이 마음에 들어서,매장에서 직접 보고
,,나이키 (Nike),품질이 우수해서,매장에서 직접 보고
,,나이키 (Nike),디자인이 마음에 들어서,매장에서 직접 보고
,,나이키 (Nike),품질이 우수해서,매장에서 직접 보고
,,퓨마 (Puma),디자인이 마음에 들어서,온라인 광고 (sns 등)
,,나이키 (Nike),디자인이 마음에 들어서,매장에서 직접 보고
,,나이키 (Nike),디자인이 마음에 들어서,온라인 광고 (sns 등)
,,나이키 (Nike),디자인이 마음에 들어서,온라인 광고 (sns 등)
,,나이키 (Nike),유명인들이 사용해서,온라인 광고 (sns 등)
,,나이키 (Nike),지인의 추천,온라인 광고 (sns 등)
,,아디다스 (Adidas),광고나 마케팅이 인상적이어서,온라인 광고 (sns 등)
,,언더아머 (Under Armour),가격이 합리적이어서,온라인 광고 (sns 등)
,,언더아머 (Under Armour),브랜드 이미지가 좋아서,온라인 광고 (sns 등)
,,나이키 (Nike),지인의 추천,온라인 광고 (sns 등)
,,아디다스 (Adidas),브랜드 이미지가 좋아서,온라인 광고 (sns 등)